company,booth
1Call/Amtelco,3321
1upHealth,3601
314e Corporation,2391
365 Data Centers,5372
3M Health Information Systems,2241
Ab Initio Services LLC,2800
"Abacode, Inc.",1277
Abridge AI,1787
Accenture,2661
Access Healthcare,4221
Access Point Consulting,1608
Accorian,1116
Accurate Meditech Inc,340-22
Acer America Corporation,5444
Acer Medical,6061
ACF Technologies,2806
ACL America Corp.,1421
Acorn Healthcare Credentialing Solutions,4346
Activeloop,4758
AcuSense Biomedical Technology,4649
Advantech,3021
"Advantech Co., Ltd.",6061
"AEGIS.net, Inc","3985
                 
                  ,
                 




                 3760-64"
"AFC Industries, Inc.","4371
                 
                  ,
                 




                 4470"
Agency for Healthcare Research & Quality,9239-11
Agentifai,6259
AGFA HealthCare,1860
AI21 Labs,"815
                 
                  ,
                 




                 MP1090"
AiRISTA Flow,4351
Aisera,6661-10
AITRICS,4776
Aiva,540
Alexander Group,6661-03
Algosec,4342
Allegro Software,1102
"Altera Digital Health, Inc.",2546
Altus,1871
Amalgam Rx,MP6674
Amazon Web Services,"1561
                 
                  ,
                 




                 MP121
                 
                  ,
                 




                 MP122
                 



                + 4 more"
Amazon.com Services LLC,MP1391
AMBATECH LLC,340-25
Ambience Healthcare Inc.,4663
AMD,3284
American Heart Association,MP6284
American Medical Association,MP6885
American Messaging,3526
Amico Accessories Inc,3421
Amwell,1441
"Ancora Software, Inc.",6453
Andor Health,5161
Apacer Memory America Inc.,2292
Apollo Enterprise Imaging Corp,2705
apoQlar,340-39
Apps4Business,6148
Appscent,5446
Apricorn,4030
Arab Health,5645
Arcadia.io,3345
"Arctic Wolf Networks, Inc.",1601-26
Arista Networks,"914
                 
                  ,
                 




                 1601-31"
Armis,"1048
                 
                  ,
                 




                 1621
                 
                  ,
                 




                 MP112"
"Arpio, Inc.",340-11
Artera,4263
"Artificial Medical Intelligence, Inc.",4775
Ascom (US) Inc.,"933
                 
                  ,
                 




                 3760-113
                 
                  ,
                 




                 MP132"
Asimily,1601-18
AskIris,1774
Association of Public Health Laboratories / Datapult,5474
Astound Business Solutions,5669
ASUSTek Computer Inc.,6061
AT&T Business,2261
Atera,2641
"athenahealth, Inc.","3740
                 
                  ,
                 




                 3760-40
                 
                  ,
                 




                 3760-93
                 



                + 1 more"
Attic Security,1646
Augmedix,4370
AuthX,863
Availity,"4181
                 
                  ,
                 




                 MP166"
Avalue Technology Inc.,4681
"Avanade, Inc",MP103
Avery Partners,1011
Axis Communications,1776
Aya Healthcare,5565
Azuba Corporation,3760-62
B-online,5674
B. Braun Medical Inc.,"3760-43
                 
                  ,
                 




                 MP6085"
B. Braun Melsungen AG,3760-114
Baker Tilly,3947
Bamboo Health,4881
Bank of America,"2784
                 
                  ,
                 




                 MP170"
"Barco, Inc.",MP313
BARR Advisory,1601-32
Baxter Healthcare,3011
Bayern Innovativ Gmbh,3549
Bayern International – Bavarian Participation,3549
BD,"2351
                 
                  ,
                 




                 3760-46"
Beam Mobile,1880
Beckman Coulter,5852
Belkin International,845
BellSant,340-31
Bentley University,PD24
Best Buy Health,1041
BeyondID,1601-25
BeyondTrust,1601-12
BGASoft,5347
Biamp Systems,844
Biobeat Technologies Ltd.,5964
Bionexo,6148
Biopark Regensburg Gmbh,3549
Birlasoft Inc.,6871
Blackboard Inc.,774
Blood Drive,Blood Drive
Bluespine,5446
BluIP,5698
BMJ Clinical Intelligence,2988
"Boingo Wireless, Inc.",MP307
Bookstore | Taylor and Francis,Lobby B | Bookstore
Borda Technology,3629
Bottomline Technologies,2124
Brazilian Pavilion,6148
"Bridgehead Software, Inc.","3760-48
                 
                  ,
                 




                 3760-65"
Broadcom Inc.,"MP6087
                 
                  ,
                 




                 MP6089"
BSI Group,1601-24
BUDS Technology,5678-28
Butterfly Network,3085
Bzbgear,4846
C&S Computer and Software Gmbh,3549
Cabells,1006
Cabot Technology Solutions,911
CallMiner,5678-01
"CallTek, Inc",4446
Canon Medical Informatics,2201
Capgemini,3760-50
Capreolos GmbH,2520
Capsa Healthcare,3040
Carahsoft Technology Corp.,"1171
                 
                  ,
                 




                 9027
                 
                  ,
                 




                 MP315"
CarbonHelix,1604
care.ai,2631
CareCloud,5281
Caregility,4121
Carequality,MP1291
CareQuest Institute for Oral Health,
Careteam Technologies Inc.,911
Caretronic,720
Carrot Fertility,4872
CData,721
CDW Healthcare,"2273
                 
                  ,
                 




                 MP172
                 
                  ,
                 




                 MP173"
Celo,5865
Celonis Inc.,6861
Censinet,1601-20
Centers for Disease Control and Prevention,"3760-52
                 
                  ,
                 




                 9239-13"
"CenTrak, Inc.",4443
CereCore,MP6280
CERTIFY Health,863
Certilytics,921
CGI,3341
chargeFUZE,5774
Charter Oak State College,PD17
Chartis,
Cherry Americas,4265
"Chetu, Inc.",5764
CHG Healthcare,947
China Medical University Hospital,6061
Chipsoft BV,461
CI&T,2793
CIM med GmbH,3549
"Cimcor, Inc.",1921
"Cisco Systems, Inc.","3961
                 
                  ,
                 




                 MP6080
                 
                  ,
                 




                 MP6288"
CitiusTech,3031
Citizen Systems America Corporation,3309
Citrix,3212
Clarify Health Solutions,2387
Clear Choice Headsets & Technology,6652
ClearBridge Technology Group,1046
Clearsense,1401
Clearwater Security & Compliance LLC,1618
CLINARIS GmbH,3549
Clinia Health Inc.,340-27
"Clinical Architecture, LLC",2281
CliniComp,522
"Clinicspectrum, Inc",4584
Clint,4374
Closedloop,2907
CloudAstra.AI,4283
CloudDX,911
CloudScale365,5470
Cloudticity,1777
CloudWave,2781
Codal,2025
CodaMetrix,1793
"Code, by Brady",1437
Codingscape LLC,5560
Cofense,
Cognizant,
Cognosante,
Cognosos,
"Collibra, Inc.",
CommonWell Health Alliance,
Commure,
Companion Data Services,
CompliancePoint,
Compliancy Group,
"Compucom Systems, Inc",
Concord Technologies,
Confidencial.io,
Confluent,
Connected Technology Solutions,
Connection,
Connexall,
Consensus Cloud Solutions,
CONSULATE GENERAL OF CANADA,
Cordtec Power Corp.,
Coreline North America,
Corti,
CoverMyMeds,
Cox Business,
"Credenti, LLC",
Crosstree Capital Partners,
CrowdStrike,
Crowe LLP,
CTAC,
Cubro Acronet GesmbH,
Culinda,
"Curbell, Inc",
CureMD,
Curvo,
Custom Medical,
Cyber Salus,
"CyberMaxx, LLC",
Cybernet,
Cybersecurity and Infrastructure Security Agency (CISA),
Cylera,
Cynerio,
Dasera,
Data Dimensions,
Databricks,
Datadog,
Dataminr,
"Datamotion, Inc.",
Dedalus S P A,
deepc GmbH,
DeepHealth,
DeepScribe,
DeepTek,
Defense Health Agency,
Definitive Healthcare,
DeliverHealth Solutions,
Dell Technologies,
Deloitte,
Delorean Artificial Intelligence,
Denso Corporation,
"DigiCert, Inc.",
Digital Brew,
"Dimensional Insight, Inc.",
Distributive Corp.,
Diwei Industrial Co. Ltd.,
DLA Piper,
Doceree,
DoctorHelper®,
Doinglab Inc.,
DOMA Technologies,
DomainTools,
DoseSpot,
Doximity,
"Draeger, Inc.",
Drexel University,
DrFirst,
Droxi,
"DSS, Inc.",
DT Research,
DTI Philippines,
Duke University Fuqua School of Business,
Duke University School of Medicine,
Dynamic Lifecycle Innovations,
Dynamic Technology Solutions,
Dynatrace,
EasyTeleMed Inc.,
EBSCO Clinical Decisions,
EclecticIQ,
eClinicalWorks,
Edgility,
Edifecs,
"Egress Software Technologies, Inc.",
eHealth Exchange,
EIZO Inc.,
"Ekahau, Inc.",
"Elekta, Inc.",
EliseAI,
"ELLKAY, LLC",
Elora Power,
Elsevier,
eMedEvents,
eMedical Practice,
Emergent Connect,
emtelligent,
Encipher Health Inc.,
Endava INC,
enGen,
Enghouse Video,
Enlitic,
Epic,
"Ergotron, Inc.",
ESET,
"Etherfax, LLC",
Ever Fortune AI,
EverHealth,
EveryDose,
"EVRY USA Corporation, A Tietoevry Company",
evTerra Recycling,
Experian Health,
Exponential AI,
Extract Systems,
"Extreme Networks, Inc.",
Eyelock,
Fabric,
FaceHeart Corporation,
Far East Medical Electronics Technology Limited,
"Federal Compass, Inc.",
Federal Electronic Health Record Modernization Office,
Feroot Security Inc.,
FFW,
FHIR Business Alliance,
Fifth Eye,
filerskeepers,
Finite State,
FinThrive,
Firely,
First Databank (FDB),
"First Line Software, Inc.",
First Products,
Flash Networks Group,
Florida Atlantic University,
Flywheel,
FOLKS,
Forescout Technologies,
Formstack,
Fortified Data,
Fortified Health Security,
"Fortinet, Inc.",
Forward Advantage,
Foxit,
"Fresenius Kabi, LLC.",
Freshpaint,
FUJIFILM Healthcare Americas Corporation,
Future-Shape GmbH,
GCX Corporation,
GE HealthCare,
General Dynamics Information Technology,
"Genesys Cloud Services, Inc.",
Genetec Inc.,
GenHealth AI,
"GenieMD, Inc.",
George Mason University,
GETT North America LLC,
"GetWellNetwork, Inc.",
GIGA-TMS Inc,
Global Net Solutions,
GlobalMed,
Glory Star Group Limited,
Glytec,
GOLDEN SMART HOME TECHNOLOGY CORP,
Google LLC,
Greenway Health,
GS Lab | GAVS,
"GuardRFID Solutions, part of HID",
Guerbet LLC,
Guidehouse,
Guider Technology,
Guru Technologies,
GYANT,
HadenGrey,
Haemonetics,
Happiest Minds Technologies Limited,
Harmony Healthcare IT,
Harris Healthcare,
Harrisburg University of Science and Technology,
Hart,
HCI TV,
Health & Technology Innovation Center at ChristianaCare,
Health Catalyst,
Health Gorilla,
Health Level Seven (HL7) International,
Health Software,
Health2Sync,
HealthAsyst,
Healthcare IT Leaders,
Healthcare IT Today,
HealthCareTalentLink,
HealthFocus,
Healthjump,
HealthLeaders Media,
HealthLX,
Healthwise,
Healthy Mind,
Hello Heart,
hellocare,
"Henry Elliott & Company, Inc.",
Hessen Pavilion,
Hewlett Packard Enterprise,
HID Global,
"Highgrade Tech. Co., Ltd.",
HIMSS Booth Selection,
HIMSS Certification,
HIMSS Connect,
HIMSS Cybersecurity Command Center,
HIMSS Digital Health Technology Park,
HIMSS Government Connections Plaza,
HIMSS Interoperability Showcase,
HIMSS Jobmine,
HIMSS Main Stage,
HIMSS Patient Engagement 365,
HIMSS Podcast Row,
HIMSS Puppy Park,
HIMSS Startup Park,
HIMSS TV,
HIPER Global US,
HirebizMed,
Hit That Noggin,
HITRUST,
Hiver,
HL7 Da Vinci Project,
HolaDoctor,
Honeywell,
Hornetsecurity,
Hospital Israelita Albert Einstein,
Hosted Buyer Connection Zone,
Howard Medical,
HP Inc.,
HRTC Technology,
Huntress,
"Huron Consulting Group, Inc.",
Hyland Software Inc.,
Hypori,
Hyro,
Hytera US Inc,
iAmbition Technology Pte. Ltd.,
"iatricSystems, Inc.",
IBM,
iboss,
ICU Medical,
ID.me,
Identos Inc.,
iDox.ai,
IEI Technology USA,
iFive Global,
IGEL,
"iHealth Labs, Inc.",
Illumio,
ImageTrend,
"imedtac Co., Ltd.",
"iMEDWAY Technology Co., Ltd.",
iMethods,
IMO-Intelligent Medical Objects Inc.,
"Impelsys, Inc.",
Imprivata,
"InBody BWA, Inc.",
Indra Soluciones Tecnologías de la Informacion S.L.U.,
Industrial Technology Research Institute,
Industrial Technology Research Institute / Janus,
INFINITT North America,
Infinx Healthcare,
Infor,
Informa,
Informatica,
"Infoverity, Inc.",
Ingram Micro,
Innova Solutions,
Innovaccer Inc.,
InnoVision Medical Technologies,
Inova Health System,
Inovalon,
INRY,
Insight,
Intel Corporation,
Intelaboard,
Intelerad Medical Systems,
InteliChart,
Intellify Talent Solutions,
Intelligent Security Systems Corporation (ISS),
IntelliGuard,
"iNTERFACEWARE, Inc.",
"Interlace Health, LLC",
Interlinx Systems Inc,
Intermedia,
InteropX,
InterSystems,
INTRAPOSITION TECHNOLOGIES,
"Intuitive Data Analytics, LLC",
IPeople,
Iron Mountain,
"iStorage, Ltd.",
J2 Interactive,
JACS Solutions,
Jade Global,
Jamf,
Japan External Trade Organization,
"Jeron Electronic Systems, Inc.",
"Jiangsu Konsung Bio-Medical Science and Technology Co., Ltd.",
Johnson & Johnson MedTech,
Jorie AI,
JSCM Group,
Juniper Networks,
Juno Health,
Kajeet,
Kaleyra Inc,
Kelly International Corp.,
Kemtai,
Key Source International,
"KeyCare, Inc.",
Keyence Corporation of America,
Keysight Technologies,
Kiosk Association,
KIOSK Information Systems,
KLAS,
Kno2,
Kode Health,
Kompleye Attestation LLC,
Kontakt.Io,
Korchek Technologies,
Kore.ai,
"Kyndryl, Inc.",
Kyruus Health,
LAKE B2B,
"Language Services Associates, Inc",
LanguageLine Solutions,
Lantana Consulting Group,
LastPass US LP,
Lateetud,
Leap of Faith Technologies,
Legacy Data Access,
Leidos,
Lenovo,
LexisNexis Risk Solutions,
LexisNexis Risk Solutions Government,
Lexmark Healthcare,
LG Electronics,
"Liberty Solutions, Inc.",
Life Systems International,
"Lifescale Analytics, Inc.",
LifeSpeak Inc.,
Light-it,
Lightbeam Health Solutions,
Lightyear,
LinkLive,
Linova Software GmbH,
Linus Health,
Lithova Energy Technology LLC,
Litum,
"LogicMonitor, Inc.",
"Loricca, Inc.",
Loyal,
Lucid Software,
Luma Health,
Lumen,
Luminai,
"Lund Industries, Inc.",
Man & Machine Inc,
Mashgin Inc.,
Masimo,
Massage/Relax Area,
MATTER,
Mayo Clinic Platform,
MCG Health,
McWilliams School of Biomedical Informatics at UTHealth Houston,
MDClone,
MDI Solutions,
Med Claims Compliance Corporation,
Med Tech Solutions,
Med2Lab Inc.,
"MedAllies, Inc.",
Medallion,
MedApp,
"MedeAnalytics, Inc,",
Medfiller,
Medical Valley EMN e.V.,
MediCapture,
MedicaSoft,
"Medicomp Systems, Inc.",
Medigate by Claroty,
"MediQuant, LLC",
Medirex Systems,
"Medisolv, Inc.",
MEDITECH,
Meditology Services,
MedPearl by Providence,
Melillo Consulting,
Merge by Merative,
MetaOptima Technology Inc.,
"Mettle Solutions, LLC",
Microsoft Corporation,
Midmark RTLS,
MILL5,
Milliman,
Milliman MedInsight,
Mindray,
Ministry of Health and Welfare of Taiwan,
"Mirketa, Inc.",
Mitel Networks,
MITRE,
Mobile Heartbeat,
ModelOp,
"Modernsolid Industrial Co., Ltd",
MongoDB,
MorganFranklin Consulting,
Motorola Solutions,
Motus,
MRC Direct,
MRO,
Multiview ERP,
Nabla,
National Committee for Quality Assurance,
"National Government Services, Inc.",
National Taiwan University Hospital,
Navsoft,
"NCS Technologies, Inc.",
Nemours KidsHealth,
NEOM,
NetApp,
NetBrain Technologies,
Netherlands Cybersecurity Hotspot,
"NETSCOUT Systems, Inc.",
"Netsmart Technologies, Inc.",
Newline Interactive Inc,
Nexio,
NextGen Healthcare,
NICE,
Nightingale Solutions,
NIH - Office of Data and Science Strategy,
NIH-NITAAC,
Nihon Kohden America,
Nilo Saúde,
NinjaOne LLC,
NIST,
Nividous Software Solutions Inc.,
Norav Medical,
Nordic,
Northeastern University,
Notable,
Nova Southeastern University,
Novarad Corporation,
Novari Health,
NovelVox,
NTT DATA Services,
"Nuance, a Microsoft Company",
NuboMed,
NursIT Institute GmbH,
Nutanix,
Nym Health,
Oceus,
OCHIN,
Odin Health,
Office of the National Coordinator for Heath Information Tec,
"Olah Healthcare Technology, LLC",
On2It,
"Onbe, Inc",
"ONES Global, Inc.",
OnPage Corporation,
Ontario Government,
Ontotext,
"ONYX Healthcare USA, Inc.",
OnyxHealth.io,
Ooma,
OpenBots,
OpenText,
Ophardt Hygiene Technologies,
Optiv Security Inc.,
Optum,
Oracle Health,
Orbit Healthcare Inc,
Ordr Inc.,
Orion Health,
OxiWear,
"P-DUKE Technology, Inc.",
P3 Healthcare Solutions,
Pace University,
PacificEast,
Palo Alto Networks,
Pantheon Systems Inc.,
PaperCut Software,
Parallels,
Parlance Corporation,
PathAI,
Patientpoint Health Technologies™,
Patriot Services,
"Paubox, Inc.",
PayGround,
pCare,
"Pegasystems, Inc.",
PEO DHMS,
"PEPID, LLC",
Peraton,
PharmCorps,
PhenoTips,
Philips,
Phosphorus,
"Phreesia, Inc.",
"PilotFish, Inc.",
Pinpoint Inc,
Pioneer Solution Inc.,
Pixel Health,
Placer.ai,
"Plustek Technology, Inc.",
PMsquare,
Podium,
Point-of-Care Partners,
PointClickCare,
Power Technologies,
Prima Systems,
PrinterLogic by Vasion,
Pro Logic Systems,
Process Fusion,
Professional Development Campus,
Profit Advisory Group,
"Proofpoint, Inc",
PROXIMITY,
Pure Storage,
Purplelab,
pVerify Inc.,
"Pycube, Inc.",
QGenda,
Qlik,
"QliqSOFT, Inc.",
QT Medical Inc.,
Quanta Computer Inc.,
Quest Diagnostics,
Qvera,
RAM Mounts,
"RamSoft, Inc.",
Rauland,
RCG Global Services,
"Recovery Force Health, LLC",
Red Hat,
Rees Scientific,
RELI Group Inc.,
Rescue 42,
Retarus Inc.,
RevSpring,
rf IDEAS,
Rhapsody,
rhöncloud GmbH,
"RingCentral, Inc.",
Roche,
"RPI Consultants, LLC",
RTI International,
S-Docs,
SailPoint,
Sakon,
Salesforce,
Salux Technology,
Samsung Electronics America,
SANS Institute,
SATO America,
Sayers,
Scalefocus,
SCC Soft Computer,
Science Applications International Corporation (SAIC),
ScImage,
ScriptSender,
Scrut Automation,1117
Seal Shield,4873
Seanergy Digital,4471
SecondLifeMac,1989
Sectra,3812
Secure Exchange Solutions,"5573
                 
                  ,
                 




                 MP6481"
Securitas Healthcare,2121
SecurityMetrics,
"SEDA G-Tech CO., LTD.",
Semedy,
SenSights.AI,
SentinelOne,
Seraphic Security,
Service Express,
ServiceNow,
SGS,
"Shine Technology Co., Ltd",
SHOKZ (SINGAPORE) PTE. LTD.,
Siemens Healthineers,
SIGMA HEALTH PRO,
SignAgent,
"silex technology america, Inc.",
Simply NUC,
Sinch,
"Singular Wings Medical Co., Ltd.",
Sisoft Healthcare Information Systems,
SISQUAL®WFM,
Sky Labs,
Slack Technologies,
slybroadcast,
Smart Meter,
SmartSound Corporation,
Smarty,
SMILE DIGITAL HEALTH,
SNOMED International,
Snowflake Inc,
SOAP Health,
Soaring Eagle Data Solutions,
"Softek Solutions, Inc.",
softgate gmbh,
Softlink International Inc.,
Softneta,
Solarity,
SolarWinds,
SOLiD,
SONIFI Health,
Sonitor,
SOPHiA GENETICS,
Soti Inc.,
Spacelabs Healthcare,
Sparq,
Specialist TeleMed,
Spectrio,
Spectrum Enterprise,
Spindustry,
Splunk,
"Spok, Inc.",
"STChealth, LLC",
STEP CG,
Sterling Computers,
Sternum Ltd,
"Stoltenberg Consulting, Inc.",
Strata Decision Technology,
Strategic AI Labs,
Strategic Communications,
StrideMD,
Strongarm Healthcare,
Stryker,
Suki AI,
Sunny Castors Co LTD,
Sunoh.ai,
Surescripts,
SVA System Vertrieb Alexander GmbH,
Symantec by Broadcom,
symplr,
SyncTimes,
"Syniverse Technologies, LLC",
T-Mobile for Business,
T-Systems North America,
Taiwan Pavilion,
Tali AI,
Talkdesk,
Taylor Healthcare,
TD SYNNEX,
TEAC GmbH,
TeamViewer,
Tech Stack Advising,
TECHGUARD,
Techmate,
Tegria,
Teguar Corporation,
TekSynap Corporation,
Teladoc Health,
Teleinfo,
Telemedicine & Advanced Technology Research Center (TATRC),
TeleTracking Technologies,
TeleVox,
Tenovi,
"Texas State University, College of Health Professions",
TextUs,
THE CHAMBER OF COMMERCE FOR GREATER PHILADELPHIA,
The College of St. Scholastica,
The Israel Export Institute,
The Ksquare Group,
"The SSI Group, LLC",
Thera-Business Consulting Inc.,
ThetaRho.ai,
Thoropass,
ThreatLocker,
TierPoint,
TigerConnect,
Tista Science and Technology Corporation,
Topaz Systems Inc.,
Toptal,
TOTVS,
TouchPoint Medical,
Transcend Information Inc.,
Transtek Medical,
Tredent Data Systems,
"Trek Health, Inc.",
Trisotech,
Triyam,
TruBridge,
TrustCommerce,
Turboard,
Twilio,
"Two Point Conversions, Inc.",
TytoCare,
U.S. Commercial Service,
U.S. Department of Health & Human Services,
"U.S. Department of Health and Human Services, Assistant Secretary for Administration (HHS ASA)",
UCLA Health,
UKG,
Ultralife Corporation,
United States Pharmacopeial Convention Inc,
Unity Population Health,
University of Central Florida,
University of South Carolina,
University of South Florida,
"Upland Software, Inc.",
URAC,
Urban Armor Gear,
US Government/VA/FSC/Data Analytics Service,
UVA Health,
Valenta,
VAULT,
VBA,
Veradigm,
Verato,
Veritas Technologies LLC,
Verizon Business,
Verkada,
VeroSource Solutions Inc.,
"VIAVI Solutions, Inc.",
Vibe Health by eVideon,
Vidal MMI Germany GmbH,
VioletX,
Visage Imaging,
Visual Medica International LLC,
Vita Data Technologies,
Vital,
VivaLNK,
VivaWell SAPI de CV,
"Viz.ai, Inc.",
Vizient,
VM Electronics,
Voyager Imaging,
Voyce,
VUNO Inc.,
Vynyl,
Washington State Department of Health,
Waterlabs AI,
Waystar,
Webex By Cisco,
WebMD Ignite,
Weill Cornell Medicine-Popluation Health Sciences Department,
Wellsheet,
Wellvii,
West-Com Nurse Call Systems Inc,
Western Governors University,
William Blair & Company,
WilsonPro,
Windstream,
WizeCare Company,
Wolters Kluwer,
"Workday, Inc.",
World Wide Technology Inc.,
WPS Health Solutions,
Wyebot,
XenTegra,
"XiFin, Inc.",
XOLTAR,
Xyicon,
"YourBio Health, Inc.",
"ZAGG, Inc.",
Zebra Technologies Corporation,
Zivver,
"ZOLL Data Systems, Inc.",
"Zones, LLC",
"Zoom Video Communications, Inc.",
zPaper,
"Zscaler, Inc.",
Zus Health,
Apacer Memory America Inc.,
Apollo Enterprise Imaging Corp,
apoQlar,
Apps4Business,
Appscent,
Apricorn,
Arab Health,
Arcadia.io,
"Arctic Wolf Networks, Inc.",
Arista Networks,
Armis,
"Arpio, Inc.",
Artera,
"Artificial Medical Intelligence, Inc.",
Ascom (US) Inc.,
Asimily,
AskIris,
Association of Public Health Laboratories / Datapult,
Astound Business Solutions,
ASUSTek Computer Inc.,
AT&T Business,
Atera,
"athenahealth, Inc.",
Attic Security,
Augmedix,
AuthX,
Availity,
Avalue Technology Inc.,
"Avanade, Inc",
Avery Partners,
Axis Communications,
Aya Healthcare,
Azuba Corporation,
B-online,
B. Braun Medical Inc.,
B. Braun Melsungen AG,
Baker Tilly,
Bamboo Health,
Bank of America,
"Barco, Inc.",
BARR Advisory,
Baxter Healthcare,
Bayern Innovativ Gmbh,
Bayern International – Bavarian Participation,
BD,
Beam Mobile,
Beckman Coulter,
Belkin International,
BellSant,
Bentley University,
Best Buy Health,
BeyondID,
BeyondTrust,
BGASoft,
Biamp Systems,
Biobeat Technologies Ltd.,
Bionexo,
Biopark Regensburg Gmbh,
Birlasoft Inc.,
Blackboard Inc.,
Blood Drive,
Bluespine,
BluIP,
BMJ Clinical Intelligence,
"Boingo Wireless, Inc.",
Bookstore | Taylor and Francis,
Borda Technology,
Bottomline Technologies,
Brazilian Pavilion,
"Bridgehead Software, Inc.",
Broadcom Inc.,
BSI Group,
BUDS Technology,
Butterfly Network,
Bzbgear,
C&S Computer and Software Gmbh,
Cabells,
Cabot Technology Solutions,
CallMiner,
"CallTek, Inc",
Canon Medical Informatics,
Capgemini,
Capreolos GmbH,
Capsa Healthcare,
Carahsoft Technology Corp.,
CarbonHelix,
care.ai,
CareCloud,
Caregility,
Carequality,
CareQuest Institute for Oral Health,
Careteam Technologies Inc.,
Caretronic,
Carrot Fertility,
CData,
CDW Healthcare,
Celo,
Celonis Inc.,
Censinet,
Centers for Disease Control and Prevention,
"CenTrak, Inc.",
CereCore,
CERTIFY Health,
Certilytics,
CGI,
chargeFUZE,
Charter Oak State College,
Chartis,
Cherry Americas,
"Chetu, Inc.",
CHG Healthcare,
China Medical University Hospital,
Chipsoft BV,
CI&T,
CIM med GmbH,
"Cimcor, Inc.",
"Cisco Systems, Inc.",
CitiusTech,
Citizen Systems America Corporation,
Citrix,
Clarify Health Solutions,
Clear Choice Headsets & Technology,
ClearBridge Technology Group,
Clearsense,
Clearwater Security & Compliance LLC,
CLINARIS GmbH,
Clinia Health Inc.,
"Clinical Architecture, LLC",
CliniComp,
"Clinicspectrum, Inc",
Clint,
Closedloop,
CloudAstra.AI,
CloudDX,
CloudScale365,
Cloudticity,
CloudWave,
Codal,
CodaMetrix,
"Code, by Brady",
Codingscape LLC,
Cofense,
Cognizant,
Cognosante,
Cognosos,
"Collibra, Inc.",
CommonWell Health Alliance,
Commure,
Companion Data Services,
CompliancePoint,
Compliancy Group,
"Compucom Systems, Inc",
Concord Technologies,
Confidencial.io,
Confluent,
Connected Technology Solutions,
Connection,
Connexall,
Consensus Cloud Solutions,
CONSULATE GENERAL OF CANADA,
Cordtec Power Corp.,
Coreline North America,
Corti,
CoverMyMeds,
Cox Business,
"Credenti, LLC",
Crosstree Capital Partners,
CrowdStrike,
Crowe LLP,
CTAC,
Cubro Acronet GesmbH,
Culinda,
"Curbell, Inc",
CureMD,
Curvo,
Custom Medical,
Cyber Salus,
"CyberMaxx, LLC",
Cybernet,
Cybersecurity and Infrastructure Security Agency (CISA),
Cylera,
Cynerio,
Dasera,
Data Dimensions,
Databricks,
Datadog,
Dataminr,
"Datamotion, Inc.",
Dedalus S P A,
deepc GmbH,
DeepHealth,
DeepScribe,
DeepTek,
Defense Health Agency,
Definitive Healthcare,
DeliverHealth Solutions,
Dell Technologies,
Deloitte,
Delorean Artificial Intelligence,
Denso Corporation,
"DigiCert, Inc.",
Digital Brew,
"Dimensional Insight, Inc.",
Distributive Corp.,
Diwei Industrial Co. Ltd.,
DLA Piper,
Doceree,
DoctorHelper®,
Doinglab Inc.,
DOMA Technologies,
DomainTools,
DoseSpot,
Doximity,
"Draeger, Inc.",
Drexel University,
DrFirst,
Droxi,
"DSS, Inc.",
DT Research,
DTI Philippines,
Duke University Fuqua School of Business,
Duke University School of Medicine,
Dynamic Lifecycle Innovations,
Dynamic Technology Solutions,
Dynatrace,
EasyTeleMed Inc.,
EBSCO Clinical Decisions,
EclecticIQ,
eClinicalWorks,
Edgility,
Edifecs,
"Egress Software Technologies, Inc.",
eHealth Exchange,
EIZO Inc.,
"Ekahau, Inc.",
"Elekta, Inc.",
EliseAI,
"ELLKAY, LLC",
Elora Power,
Elsevier,
eMedEvents,
eMedical Practice,
Emergent Connect,
emtelligent,
Encipher Health Inc.,
Endava INC,
enGen,
Enghouse Video,
Enlitic,
Epic,
"Ergotron, Inc.",
ESET,
"Etherfax, LLC",
Ever Fortune AI,
EverHealth,
EveryDose,
"EVRY USA Corporation, A Tietoevry Company",
evTerra Recycling,
Experian Health,
Exponential AI,
Extract Systems,
"Extreme Networks, Inc.",
Eyelock,
Fabric,
FaceHeart Corporation,
Far East Medical Electronics Technology Limited,
"Federal Compass, Inc.",
Federal Electronic Health Record Modernization Office,
Feroot Security Inc.,
FFW,
FHIR Business Alliance,
Fifth Eye,
filerskeepers,
Finite State,
FinThrive,
Firely,
First Databank (FDB),
"First Line Software, Inc.",
First Products,
Flash Networks Group,
Florida Atlantic University,
Flywheel,
FOLKS,
Forescout Technologies,
Formstack,
Fortified Data,
Fortified Health Security,
"Fortinet, Inc.",
Forward Advantage,
Foxit,
"Fresenius Kabi, LLC.",
Freshpaint,
FUJIFILM Healthcare Americas Corporation,
Future-Shape GmbH,
GCX Corporation,
GE HealthCare,
General Dynamics Information Technology,
"Genesys Cloud Services, Inc.",
Genetec Inc.,
GenHealth AI,
"GenieMD, Inc.",
George Mason University,
GETT North America LLC,
"GetWellNetwork, Inc.",
GIGA-TMS Inc,
Global Net Solutions,
GlobalMed,
Glory Star Group Limited,
Glytec,
GOLDEN SMART HOME TECHNOLOGY CORP,
Google LLC,
Greenway Health,
GS Lab | GAVS,
"GuardRFID Solutions, part of HID",
Guerbet LLC,
Guidehouse,
Guider Technology,
Guru Technologies,
GYANT,
HadenGrey,
Haemonetics,
Happiest Minds Technologies Limited,
Harmony Healthcare IT,
Harris Healthcare,
Harrisburg University of Science and Technology,
Hart,
HCI TV,
Health & Technology Innovation Center at ChristianaCare,
Health Catalyst,
Health Gorilla,
Health Level Seven (HL7) International,
Health Software,
Health2Sync,
HealthAsyst,
Healthcare IT Leaders,
Healthcare IT Today,
HealthCareTalentLink,
HealthFocus,
Healthjump,
HealthLeaders Media,
HealthLX,
Healthwise,
Healthy Mind,
Hello Heart,
hellocare,
"Henry Elliott & Company, Inc.",
Hessen Pavilion,
Hewlett Packard Enterprise,
HID Global,
"Highgrade Tech. Co., Ltd.",
HIMSS Booth Selection,
HIMSS Certification,
HIMSS Connect,
HIMSS Cybersecurity Command Center,
HIMSS Digital Health Technology Park,
HIMSS Government Connections Plaza,
HIMSS Interoperability Showcase,
HIMSS Jobmine,
HIMSS Main Stage,
HIMSS Patient Engagement 365,
HIMSS Podcast Row,
HIMSS Puppy Park,
HIMSS Startup Park,
HIMSS TV,
HIPER Global US,
HirebizMed,
Hit That Noggin,
HITRUST,
Hiver,
HL7 Da Vinci Project,
HolaDoctor,
Honeywell,
Hornetsecurity,
Hospital Israelita Albert Einstein,
Hosted Buyer Connection Zone,
Howard Medical,
HP Inc.,
HRTC Technology,
Huntress,
"Huron Consulting Group, Inc.",
Hyland Software Inc.,
Hypori,
Hyro,
Hytera US Inc,
iAmbition Technology Pte. Ltd.,
"iatricSystems, Inc.",
IBM,
iboss,
ICU Medical,
ID.me,
Identos Inc.,
iDox.ai,
IEI Technology USA,
iFive Global,
IGEL,
"iHealth Labs, Inc.",
Illumio,
ImageTrend,
"imedtac Co., Ltd.",
"iMEDWAY Technology Co., Ltd.",
iMethods,
IMO-Intelligent Medical Objects Inc.,
"Impelsys, Inc.",
Imprivata,
"InBody BWA, Inc.",
Indra Soluciones Tecnologías de la Informacion S.L.U.,
Industrial Technology Research Institute,
Industrial Technology Research Institute / Janus,
INFINITT North America,
Infinx Healthcare,
Infor,
Informa,
Informatica,
"Infoverity, Inc.",
Ingram Micro,
Innova Solutions,
Innovaccer Inc.,
InnoVision Medical Technologies,
Inova Health System,
Inovalon,
INRY,
Insight,
Intel Corporation,
Intelaboard,
Intelerad Medical Systems,
InteliChart,
Intellify Talent Solutions,
Intelligent Security Systems Corporation (ISS),
IntelliGuard,
"iNTERFACEWARE, Inc.",
"Interlace Health, LLC",
Interlinx Systems Inc,
Intermedia,
InteropX,
InterSystems,
INTRAPOSITION TECHNOLOGIES,
"Intuitive Data Analytics, LLC",
IPeople,
Iron Mountain,
"iStorage, Ltd.",
J2 Interactive,
JACS Solutions,
Jade Global,
Jamf,
Japan External Trade Organization,
"Jeron Electronic Systems, Inc.",
"Jiangsu Konsung Bio-Medical Science and Technology Co., Ltd.",
Johnson & Johnson MedTech,
Jorie AI,
JSCM Group,
Juniper Networks,
Juno Health,
Kajeet,
Kaleyra Inc,
Kelly International Corp.,
Kemtai,
Key Source International,
"KeyCare, Inc.",
Keyence Corporation of America,
Keysight Technologies,
Kiosk Association,
KIOSK Information Systems,
KLAS,
Kno2,
Kode Health,
Kompleye Attestation LLC,
Kontakt.Io,
Korchek Technologies,
Kore.ai,
"Kyndryl, Inc.",
Kyruus Health,
LAKE B2B,
"Language Services Associates, Inc",
LanguageLine Solutions,
Lantana Consulting Group,
LastPass US LP,
Lateetud,
Leap of Faith Technologies,
Legacy Data Access,
Leidos,
Lenovo,
LexisNexis Risk Solutions,
LexisNexis Risk Solutions Government,
Lexmark Healthcare,
LG Electronics,
"Liberty Solutions, Inc.",
Life Systems International,
"Lifescale Analytics, Inc.",
LifeSpeak Inc.,
Light-it,
Lightbeam Health Solutions,
Lightyear,
LinkLive,
Linova Software GmbH,
Linus Health,
Lithova Energy Technology LLC,
Litum,
"LogicMonitor, Inc.",
"Loricca, Inc.",
Loyal,
Lucid Software,
Luma Health,
Lumen,
Luminai,
"Lund Industries, Inc.",
Man & Machine Inc,
Mashgin Inc.,
Masimo,
Massage/Relax Area,
MATTER,
Mayo Clinic Platform,
MCG Health,
McWilliams School of Biomedical Informatics at UTHealth Houston,
MDClone,
MDI Solutions,
Med Claims Compliance Corporation,
Med Tech Solutions,
Med2Lab Inc.,
"MedAllies, Inc.",
Medallion,
MedApp,
"MedeAnalytics, Inc,",
Medfiller,
Medical Valley EMN e.V.,
MediCapture,
MedicaSoft,
"Medicomp Systems, Inc.",
Medigate by Claroty,
"MediQuant, LLC",
Medirex Systems,
"Medisolv, Inc.",
MEDITECH,
Meditology Services,
MedPearl by Providence,
Melillo Consulting,
Merge by Merative,
MetaOptima Technology Inc.,
"Mettle Solutions, LLC",
Microsoft Corporation,
Midmark RTLS,
MILL5,
Milliman,
Milliman MedInsight,
Mindray,
Ministry of Health and Welfare of Taiwan,
"Mirketa, Inc.",
Mitel Networks,
MITRE,
Mobile Heartbeat,
ModelOp,
"Modernsolid Industrial Co., Ltd",
MongoDB,
MorganFranklin Consulting,
Motorola Solutions,
Motus,
MRC Direct,
MRO,
Multiview ERP,
Nabla,
National Committee for Quality Assurance,
"National Government Services, Inc.",
National Taiwan University Hospital,
Navsoft,
"NCS Technologies, Inc.",
Nemours KidsHealth,
NEOM,
NetApp,
NetBrain Technologies,
Netherlands Cybersecurity Hotspot,
"NETSCOUT Systems, Inc.",
"Netsmart Technologies, Inc.",
Newline Interactive Inc,
Nexio,
NextGen Healthcare,
NICE,
Nightingale Solutions,
NIH - Office of Data and Science Strategy,
NIH-NITAAC,
Nihon Kohden America,
Nilo Saúde,
NinjaOne LLC,
NIST,9239-09
Nividous Software Solutions Inc.,5845
Norav Medical,4442
Nordic,2801
Northeastern University,PD20
Notable,1211
Nova Southeastern University,PD02
Novarad Corporation,
Novari Health,
NovelVox,
NTT DATA Services,
"Nuance, a Microsoft Company",
NuboMed,
NursIT Institute GmbH,
Nutanix,
Nym Health,
Oceus,
OCHIN,
Odin Health,
Office of the National Coordinator for Heath Information Tec,
"Olah Healthcare Technology, LLC",
On2It,
"Onbe, Inc",
"ONES Global, Inc.",
OnPage Corporation,
Ontario Government,
Ontotext,
"ONYX Healthcare USA, Inc.",
OnyxHealth.io,
Ooma,
OpenBots,
OpenText,
Ophardt Hygiene Technologies,
Optiv Security Inc.,
Optum,
Oracle Health,
Orbit Healthcare Inc,
Ordr Inc.,
Orion Health,
OxiWear,
"P-DUKE Technology, Inc.",
P3 Healthcare Solutions,
Pace University,
PacificEast,
Palo Alto Networks,
Pantheon Systems Inc.,
PaperCut Software,
Parallels,
Parlance Corporation,
PathAI,
Patientpoint Health Technologies™,
Patriot Services,
"Paubox, Inc.",
PayGround,
pCare,
"Pegasystems, Inc.",
PEO DHMS,
"PEPID, LLC",
Peraton,
PharmCorps,
PhenoTips,
Philips,
Phosphorus,
"Phreesia, Inc.",
"PilotFish, Inc.",
Pinpoint Inc,
Pioneer Solution Inc.,
Pixel Health,
Placer.ai,
"Plustek Technology, Inc.",
PMsquare,
Podium,
Point-of-Care Partners,
PointClickCare,
Power Technologies,
Prima Systems,
PrinterLogic by Vasion,
Pro Logic Systems,
Process Fusion,
Professional Development Campus,
Profit Advisory Group,
"Proofpoint, Inc",
PROXIMITY,
Pure Storage,
Purplelab,
pVerify Inc.,
"Pycube, Inc.",
QGenda,
Qlik,
"QliqSOFT, Inc.",
QT Medical Inc.,
Quanta Computer Inc.,
Quest Diagnostics,
Qvera,
RAM Mounts,
"RamSoft, Inc.",
Rauland,
RCG Global Services,
"Recovery Force Health, LLC",
Red Hat,
Rees Scientific,
RELI Group Inc.,
Rescue 42,
Retarus Inc.,
RevSpring,
rf IDEAS,
Rhapsody,
rhöncloud GmbH,
"RingCentral, Inc.",
Roche,
"RPI Consultants, LLC",
RTI International,
S-Docs,
SailPoint,
Sakon,
Salesforce,
Salux Technology,
Samsung Electronics America,
SANS Institute,
SATO America,
Sayers,
Scalefocus,
SCC Soft Computer,
Science Applications International Corporation (SAIC),
ScImage,
ScriptSender,
Scrut Automation,
Seal Shield,
Seanergy Digital,
SecondLifeMac,
Sectra,
Secure Exchange Solutions,
Securitas Healthcare,
SecurityMetrics,
"SEDA G-Tech CO., LTD.",
Semedy,
SenSights.AI,
SentinelOne,
Seraphic Security,
Service Express,
ServiceNow,
SGS,
"Shine Technology Co., Ltd",
SHOKZ (SINGAPORE) PTE. LTD.,
Siemens Healthineers,
SIGMA HEALTH PRO,
SignAgent,
"silex technology america, Inc.",
Simply NUC,
Sinch,
"Singular Wings Medical Co., Ltd.",
Sisoft Healthcare Information Systems,
SISQUAL®WFM,
Sky Labs,
Slack Technologies,
slybroadcast,
Smart Meter,
SmartSound Corporation,
Smarty,
SMILE DIGITAL HEALTH,
SNOMED International,
Snowflake Inc,
SOAP Health,
Soaring Eagle Data Solutions,
"Softek Solutions, Inc.",
softgate gmbh,
Softlink International Inc.,
Softneta,
Solarity,
SolarWinds,
SOLiD,
SONIFI Health,
Sonitor,
SOPHiA GENETICS,
Soti Inc.,
Spacelabs Healthcare,
Sparq,
Specialist TeleMed,
Spectrio,
Spectrum Enterprise,
Spindustry,
Splunk,
"Spok, Inc.",
"STChealth, LLC",
STEP CG,
Sterling Computers,
Sternum Ltd,
"Stoltenberg Consulting, Inc.",
Strata Decision Technology,
Strategic AI Labs,
Strategic Communications,
StrideMD,
Strongarm Healthcare,
Stryker,
Suki AI,
Sunny Castors Co LTD,
Sunoh.ai,
Surescripts,
SVA System Vertrieb Alexander GmbH,
Symantec by Broadcom,
symplr,
SyncTimes,
"Syniverse Technologies, LLC",
T-Mobile for Business,
T-Systems North America,
Taiwan Pavilion,
Tali AI,
Talkdesk,
Taylor Healthcare,
TD SYNNEX,
TEAC GmbH,
TeamViewer,
Tech Stack Advising,
TECHGUARD,
Techmate,
Tegria,
Teguar Corporation,
TekSynap Corporation,
Teladoc Health,
Teleinfo,
Telemedicine & Advanced Technology Research Center (TATRC),
TeleTracking Technologies,
TeleVox,
Tenovi,
"Texas State University, College of Health Professions",
TextUs,
THE CHAMBER OF COMMERCE FOR GREATER PHILADELPHIA,
The College of St. Scholastica,
The Israel Export Institute,
The Ksquare Group,
"The SSI Group, LLC",
Thera-Business Consulting Inc.,
ThetaRho.ai,
Thoropass,
ThreatLocker,
TierPoint,
TigerConnect,
Tista Science and Technology Corporation,
Topaz Systems Inc.,
Toptal,
TOTVS,
TouchPoint Medical,
Transcend Information Inc.,
Transtek Medical,
Tredent Data Systems,
"Trek Health, Inc.",
Trisotech,
Triyam,
TruBridge,
TrustCommerce,
Turboard,
Twilio,
"Two Point Conversions, Inc.",
TytoCare,
U.S. Commercial Service,
U.S. Department of Health & Human Services,
"U.S. Department of Health and Human Services, Assistant Secretary for Administration (HHS ASA)",
UCLA Health,
UKG,
Ultralife Corporation,
United States Pharmacopeial Convention Inc,
Unity Population Health,
University of Central Florida,
University of South Carolina,
University of South Florida,
"Upland Software, Inc.",
URAC,
Urban Armor Gear,
US Government/VA/FSC/Data Analytics Service,
UVA Health,
Valenta,
VAULT,
VBA,
Veradigm,
Verato,
Veritas Technologies LLC,
Verizon Business,
Verkada,
VeroSource Solutions Inc.,
"VIAVI Solutions, Inc.",
Vibe Health by eVideon,
Vidal MMI Germany GmbH,
VioletX,
Visage Imaging,
Visual Medica International LLC,
Vita Data Technologies,
Vital,
VivaLNK,
VivaWell SAPI de CV,
"Viz.ai, Inc.",
Vizient,
VM Electronics,
Voyager Imaging,
Voyce,
VUNO Inc.,
Vynyl,
Washington State Department of Health,
Waterlabs AI,
Waystar,
Webex By Cisco,
WebMD Ignite,
Weill Cornell Medicine-Popluation Health Sciences Department,
Wellsheet,
Wellvii,
West-Com Nurse Call Systems Inc,
Western Governors University,
William Blair & Company,
WilsonPro,
Windstream,
WizeCare Company,
Wolters Kluwer,
"Workday, Inc.",
World Wide Technology Inc.,
WPS Health Solutions,
Wyebot,
XenTegra,
"XiFin, Inc.",
XOLTAR,
Xyicon,
"YourBio Health, Inc.",
"ZAGG, Inc.",
Zebra Technologies Corporation,
Zivver,
"ZOLL Data Systems, Inc.",
"Zones, LLC",
"Zoom Video Communications, Inc.",
zPaper,
"Zscaler, Inc.",
Zus Health,
1Call/Amtelco,3321
1upHealth,3601
314e Corporation,2391
365 Data Centers,5372
3M Health Information Systems,2241
Ab Initio Services LLC,2800
"Abacode, Inc.",1277
Abridge AI,1787
Accenture,2661
Access Healthcare,4221
Access Point Consulting,1608
Accorian,1116
Accurate Meditech Inc,340-22
Acer America Corporation,5444
Acer Medical,6061
ACF Technologies,2806
ACL America Corp.,1421
Acorn Healthcare Credentialing Solutions,4346
Activeloop,4758
AcuSense Biomedical Technology,4649
Advantech,3021
"Advantech Co., Ltd.",6061
"AEGIS.net, Inc","3985
                  
                   ,
                  




                  3760-64"
"AFC Industries, Inc.","4371
                  
                   ,
                  




                  4470"
Agency for Healthcare Research & Quality,9239-11
Agentifai,6259
AGFA HealthCare,1860
AI21 Labs,"815
                  
                   ,
                  




                  MP1090"
AiRISTA Flow,4351
Aisera,6661-10
AITRICS,4776
Aiva,540
Alexander Group,6661-03
Algosec,4342
Allegro Software,1102
"Altera Digital Health, Inc.",2546
Altus,1871
Amalgam Rx,MP6674
Amazon Web Services,"1561
                  
                   ,
                  




                  MP121
                  
                   ,
                  




                  MP122
                  



                 + 4 more"
Amazon.com Services LLC,MP1391
AMBATECH LLC,340-25
Ambience Healthcare Inc.,4663
AMD,3284
American Heart Association,MP6284
American Medical Association,MP6885
American Messaging,3526
Amico Accessories Inc,3421
Amwell,1441
"Ancora Software, Inc.",6453
Andor Health,5161
Apacer Memory America Inc.,
Apollo Enterprise Imaging Corp,
apoQlar,
Apps4Business,
Appscent,
Apricorn,
Arab Health,
Arcadia.io,
"Arctic Wolf Networks, Inc.",
Arista Networks,
Armis,
"Arpio, Inc.",
Artera,
"Artificial Medical Intelligence, Inc.",
Ascom (US) Inc.,
Asimily,
AskIris,
Association of Public Health Laboratories / Datapult,
Astound Business Solutions,
ASUSTek Computer Inc.,
AT&T Business,
Atera,
"athenahealth, Inc.",
Attic Security,
Augmedix,
AuthX,
Availity,
Avalue Technology Inc.,
"Avanade, Inc",
Avery Partners,
Axis Communications,
Aya Healthcare,
Azuba Corporation,
B-online,
B. Braun Medical Inc.,
B. Braun Melsungen AG,
Baker Tilly,
Bamboo Health,
Bank of America,
"Barco, Inc.",
BARR Advisory,
Baxter Healthcare,
Bayern Innovativ Gmbh,
Bayern International – Bavarian Participation,
BD,
Beam Mobile,
Beckman Coulter,
Belkin International,
BellSant,
Bentley University,
Best Buy Health,
BeyondID,
BeyondTrust,
BGASoft,
Biamp Systems,
Biobeat Technologies Ltd.,
Bionexo,
Biopark Regensburg Gmbh,
Birlasoft Inc.,
Blackboard Inc.,
Blood Drive,
Bluespine,
BluIP,
BMJ Clinical Intelligence,
"Boingo Wireless, Inc.",
Bookstore | Taylor and Francis,
Borda Technology,
Bottomline Technologies,
Brazilian Pavilion,
"Bridgehead Software, Inc.",
Broadcom Inc.,
BSI Group,
BUDS Technology,
Butterfly Network,
Bzbgear,
C&S Computer and Software Gmbh,
Cabells,
Cabot Technology Solutions,
CallMiner,
"CallTek, Inc",
Canon Medical Informatics,
Capgemini,
Capreolos GmbH,
Capsa Healthcare,
Carahsoft Technology Corp.,
CarbonHelix,
care.ai,
CareCloud,
Caregility,
Carequality,
CareQuest Institute for Oral Health,
Careteam Technologies Inc.,
Caretronic,
Carrot Fertility,
CData,
CDW Healthcare,
Celo,
Celonis Inc.,
Censinet,
Centers for Disease Control and Prevention,
"CenTrak, Inc.",
CereCore,
CERTIFY Health,
Certilytics,
CGI,
chargeFUZE,
Charter Oak State College,
Chartis,
Cherry Americas,
"Chetu, Inc.",
CHG Healthcare,
China Medical University Hospital,
Chipsoft BV,
CI&T,
CIM med GmbH,
"Cimcor, Inc.",
"Cisco Systems, Inc.",
CitiusTech,
Citizen Systems America Corporation,
Citrix,
Clarify Health Solutions,
Clear Choice Headsets & Technology,
ClearBridge Technology Group,
Clearsense,
Clearwater Security & Compliance LLC,
CLINARIS GmbH,
Clinia Health Inc.,
"Clinical Architecture, LLC",
CliniComp,
"Clinicspectrum, Inc",
Clint,
Closedloop,
CloudAstra.AI,
CloudDX,
CloudScale365,
Cloudticity,
CloudWave,
Codal,
CodaMetrix,
"Code, by Brady",
Codingscape LLC,
Cofense,
Cognizant,
Cognosante,
Cognosos,
"Collibra, Inc.",
CommonWell Health Alliance,
Commure,
Companion Data Services,
CompliancePoint,
Compliancy Group,
"Compucom Systems, Inc",
Concord Technologies,
Confidencial.io,
Confluent,
Connected Technology Solutions,
Connection,
Connexall,
Consensus Cloud Solutions,
CONSULATE GENERAL OF CANADA,
Cordtec Power Corp.,
Coreline North America,
Corti,
CoverMyMeds,
Cox Business,
"Credenti, LLC",
Crosstree Capital Partners,
CrowdStrike,
Crowe LLP,
CTAC,
Cubro Acronet GesmbH,
Culinda,
"Curbell, Inc",
CureMD,
Curvo,
Custom Medical,
Cyber Salus,
"CyberMaxx, LLC",
Cybernet,
Cybersecurity and Infrastructure Security Agency (CISA),
Cylera,
Cynerio,
Dasera,
Data Dimensions,
Databricks,
Datadog,
Dataminr,
"Datamotion, Inc.",
Dedalus S P A,
deepc GmbH,
DeepHealth,
DeepScribe,
DeepTek,
Defense Health Agency,
Definitive Healthcare,
DeliverHealth Solutions,
Dell Technologies,
Deloitte,
Delorean Artificial Intelligence,
Denso Corporation,
"DigiCert, Inc.",
Digital Brew,
"Dimensional Insight, Inc.",
Distributive Corp.,
Diwei Industrial Co. Ltd.,
DLA Piper,
Doceree,
DoctorHelper®,
Doinglab Inc.,
DOMA Technologies,
DomainTools,
DoseSpot,
Doximity,
"Draeger, Inc.",
Drexel University,
DrFirst,
Droxi,
"DSS, Inc.",
DT Research,
DTI Philippines,
Duke University Fuqua School of Business,
Duke University School of Medicine,
Dynamic Lifecycle Innovations,
Dynamic Technology Solutions,
Dynatrace,
EasyTeleMed Inc.,
EBSCO Clinical Decisions,
EclecticIQ,
eClinicalWorks,
Edgility,
Edifecs,
"Egress Software Technologies, Inc.",
eHealth Exchange,
EIZO Inc.,
"Ekahau, Inc.",
"Elekta, Inc.",
EliseAI,
"ELLKAY, LLC",
Elora Power,
Elsevier,
eMedEvents,
eMedical Practice,
Emergent Connect,
emtelligent,
Encipher Health Inc.,
Endava INC,
enGen,
Enghouse Video,
Enlitic,
Epic,
"Ergotron, Inc.",
ESET,
"Etherfax, LLC",
Ever Fortune AI,
EverHealth,
EveryDose,
"EVRY USA Corporation, A Tietoevry Company",
evTerra Recycling,
Experian Health,
Exponential AI,
Extract Systems,
"Extreme Networks, Inc.",
Eyelock,
Fabric,
FaceHeart Corporation,
Far East Medical Electronics Technology Limited,
"Federal Compass, Inc.",
Federal Electronic Health Record Modernization Office,
Feroot Security Inc.,
FFW,
FHIR Business Alliance,
Fifth Eye,
filerskeepers,
Finite State,
FinThrive,
Firely,
First Databank (FDB),
"First Line Software, Inc.",
First Products,
Flash Networks Group,
Florida Atlantic University,
Flywheel,
FOLKS,
Forescout Technologies,
Formstack,
Fortified Data,
Fortified Health Security,
"Fortinet, Inc.",
Forward Advantage,
Foxit,
"Fresenius Kabi, LLC.",
Freshpaint,
FUJIFILM Healthcare Americas Corporation,
Future-Shape GmbH,
GCX Corporation,
GE HealthCare,
General Dynamics Information Technology,
"Genesys Cloud Services, Inc.",
Genetec Inc.,
GenHealth AI,
"GenieMD, Inc.",
George Mason University,
GETT North America LLC,
"GetWellNetwork, Inc.",
GIGA-TMS Inc,
Global Net Solutions,
GlobalMed,
Glory Star Group Limited,
Glytec,
GOLDEN SMART HOME TECHNOLOGY CORP,
Google LLC,
Greenway Health,
GS Lab | GAVS,
"GuardRFID Solutions, part of HID",
Guerbet LLC,
Guidehouse,
Guider Technology,
Guru Technologies,
GYANT,
HadenGrey,
Haemonetics,
Happiest Minds Technologies Limited,
Harmony Healthcare IT,
Harris Healthcare,
Harrisburg University of Science and Technology,
Hart,
HCI TV,
Health & Technology Innovation Center at ChristianaCare,
Health Catalyst,
Health Gorilla,
Health Level Seven (HL7) International,
Health Software,
Health2Sync,
HealthAsyst,
Healthcare IT Leaders,
Healthcare IT Today,
HealthCareTalentLink,
HealthFocus,
Healthjump,
HealthLeaders Media,
HealthLX,
Healthwise,
Healthy Mind,
Hello Heart,
hellocare,
"Henry Elliott & Company, Inc.",
Hessen Pavilion,
Hewlett Packard Enterprise,
HID Global,
"Highgrade Tech. Co., Ltd.",
HIMSS Booth Selection,
HIMSS Certification,
HIMSS Connect,
HIMSS Cybersecurity Command Center,
HIMSS Digital Health Technology Park,
HIMSS Government Connections Plaza,
HIMSS Interoperability Showcase,
HIMSS Jobmine,
HIMSS Main Stage,381
HIMSS Patient Engagement 365,5678
HIMSS Podcast Row,5542
HIMSS Puppy Park,5389
HIMSS Startup Park,340
HIMSS TV,"Lobby C, HIMSS TV"
HIPER Global US,4271
HirebizMed,
Hit That Noggin,
HITRUST,
Hiver,
HL7 Da Vinci Project,
HolaDoctor,
Honeywell,
Hornetsecurity,
Hospital Israelita Albert Einstein,
Hosted Buyer Connection Zone,
Howard Medical,
HP Inc.,
HRTC Technology,
Huntress,
"Huron Consulting Group, Inc.",
Hyland Software Inc.,
Hypori,
Hyro,
Hytera US Inc,
iAmbition Technology Pte. Ltd.,
"iatricSystems, Inc.",
IBM,
iboss,
ICU Medical,
ID.me,
Identos Inc.,
iDox.ai,
IEI Technology USA,
iFive Global,
IGEL,
"iHealth Labs, Inc.",
Illumio,
ImageTrend,
"imedtac Co., Ltd.",
"iMEDWAY Technology Co., Ltd.",
iMethods,
IMO-Intelligent Medical Objects Inc.,
"Impelsys, Inc.",
Imprivata,
"InBody BWA, Inc.",
Indra Soluciones Tecnologías de la Informacion S.L.U.,
Industrial Technology Research Institute,
Industrial Technology Research Institute / Janus,
INFINITT North America,
Infinx Healthcare,
Infor,
Informa,
Informatica,
"Infoverity, Inc.",
Ingram Micro,
Innova Solutions,
Innovaccer Inc.,
InnoVision Medical Technologies,
Inova Health System,
Inovalon,
INRY,
Insight,
Intel Corporation,
Intelaboard,
Intelerad Medical Systems,
InteliChart,
Intellify Talent Solutions,
Intelligent Security Systems Corporation (ISS),
IntelliGuard,
"iNTERFACEWARE, Inc.",
"Interlace Health, LLC",
Interlinx Systems Inc,
Intermedia,
InteropX,
InterSystems,
INTRAPOSITION TECHNOLOGIES,
"Intuitive Data Analytics, LLC",
IPeople,
Iron Mountain,
"iStorage, Ltd.",
J2 Interactive,
JACS Solutions,
Jade Global,
Jamf,
Japan External Trade Organization,
"Jeron Electronic Systems, Inc.",
"Jiangsu Konsung Bio-Medical Science and Technology Co., Ltd.",
Johnson & Johnson MedTech,
Jorie AI,
JSCM Group,
Juniper Networks,
Juno Health,
Kajeet,
Kaleyra Inc,
Kelly International Corp.,
Kemtai,
Key Source International,
"KeyCare, Inc.",
Keyence Corporation of America,
Keysight Technologies,
Kiosk Association,
KIOSK Information Systems,
KLAS,
Kno2,
Kode Health,
Kompleye Attestation LLC,
Kontakt.Io,
Korchek Technologies,
Kore.ai,
"Kyndryl, Inc.",
Kyruus Health,
LAKE B2B,
"Language Services Associates, Inc",
LanguageLine Solutions,
Lantana Consulting Group,
LastPass US LP,
Lateetud,
Leap of Faith Technologies,
Legacy Data Access,
Leidos,
Lenovo,
LexisNexis Risk Solutions,
LexisNexis Risk Solutions Government,
Lexmark Healthcare,
LG Electronics,
"Liberty Solutions, Inc.",
Life Systems International,
"Lifescale Analytics, Inc.",
LifeSpeak Inc.,
Light-it,
Lightbeam Health Solutions,
Lightyear,
LinkLive,
Linova Software GmbH,
Linus Health,
Lithova Energy Technology LLC,
Litum,
"LogicMonitor, Inc.",
"Loricca, Inc.",
Loyal,
Lucid Software,
Luma Health,
Lumen,
Luminai,
"Lund Industries, Inc.",
Man & Machine Inc,
Mashgin Inc.,
Masimo,
Massage/Relax Area,
MATTER,
Mayo Clinic Platform,
MCG Health,
McWilliams School of Biomedical Informatics at UTHealth Houston,
MDClone,
MDI Solutions,
Med Claims Compliance Corporation,
Med Tech Solutions,
Med2Lab Inc.,
"MedAllies, Inc.",
Medallion,
MedApp,
"MedeAnalytics, Inc,",
Medfiller,
Medical Valley EMN e.V.,
MediCapture,
MedicaSoft,
"Medicomp Systems, Inc.",
Medigate by Claroty,
"MediQuant, LLC",
Medirex Systems,
"Medisolv, Inc.",
MEDITECH,
Meditology Services,
MedPearl by Providence,
Melillo Consulting,
Merge by Merative,
MetaOptima Technology Inc.,
"Mettle Solutions, LLC",
Microsoft Corporation,
Midmark RTLS,
MILL5,
Milliman,
Milliman MedInsight,
Mindray,
Ministry of Health and Welfare of Taiwan,
"Mirketa, Inc.",
Mitel Networks,
MITRE,
Mobile Heartbeat,
ModelOp,
"Modernsolid Industrial Co., Ltd",
MongoDB,
MorganFranklin Consulting,
Motorola Solutions,
Motus,
MRC Direct,
MRO,
Multiview ERP,
Nabla,
National Committee for Quality Assurance,
"National Government Services, Inc.",
National Taiwan University Hospital,
Navsoft,
"NCS Technologies, Inc.",
Nemours KidsHealth,
NEOM,
NetApp,
NetBrain Technologies,
Netherlands Cybersecurity Hotspot,
"NETSCOUT Systems, Inc.",
"Netsmart Technologies, Inc.",
Newline Interactive Inc,
Nexio,
NextGen Healthcare,
NICE,
Nightingale Solutions,
NIH - Office of Data and Science Strategy,
NIH-NITAAC,
Nihon Kohden America,
Nilo Saúde,
NinjaOne LLC,
NIST,
Nividous Software Solutions Inc.,
Norav Medical,
Nordic,
Northeastern University,
Notable,
Nova Southeastern University,
Novarad Corporation,
Novari Health,
NovelVox,
NTT DATA Services,
"Nuance, a Microsoft Company",
NuboMed,
NursIT Institute GmbH,
Nutanix,
Nym Health,
Oceus,
OCHIN,
Odin Health,
Office of the National Coordinator for Heath Information Tec,
"Olah Healthcare Technology, LLC",
On2It,
"Onbe, Inc",
"ONES Global, Inc.",
OnPage Corporation,
Ontario Government,
Ontotext,
"ONYX Healthcare USA, Inc.",
OnyxHealth.io,
Ooma,
OpenBots,
OpenText,
Ophardt Hygiene Technologies,
Optiv Security Inc.,
Optum,
Oracle Health,
Orbit Healthcare Inc,
Ordr Inc.,
Orion Health,
OxiWear,
"P-DUKE Technology, Inc.",
P3 Healthcare Solutions,
Pace University,
PacificEast,
Palo Alto Networks,
Pantheon Systems Inc.,
PaperCut Software,
Parallels,
Parlance Corporation,
PathAI,
Patientpoint Health Technologies™,
Patriot Services,
"Paubox, Inc.",
PayGround,
pCare,
"Pegasystems, Inc.",
PEO DHMS,
"PEPID, LLC",
Peraton,
PharmCorps,
PhenoTips,
Philips,
Phosphorus,
"Phreesia, Inc.",
"PilotFish, Inc.",
Pinpoint Inc,
Pioneer Solution Inc.,
Pixel Health,
Placer.ai,
"Plustek Technology, Inc.",
PMsquare,
Podium,1208
Point-of-Care Partners,3760-72
PointClickCare,3901
Power Technologies,1021
Prima Systems,5077
PrinterLogic by Vasion,3406
Pro Logic Systems,
Process Fusion,
Professional Development Campus,
Profit Advisory Group,
"Proofpoint, Inc",
PROXIMITY,
Pure Storage,
Purplelab,
pVerify Inc.,
"Pycube, Inc.",
QGenda,
Qlik,
"QliqSOFT, Inc.",
QT Medical Inc.,
Quanta Computer Inc.,
Quest Diagnostics,
Qvera,
RAM Mounts,
"RamSoft, Inc.",
Rauland,
RCG Global Services,
"Recovery Force Health, LLC",
Red Hat,
Rees Scientific,
RELI Group Inc.,
Rescue 42,
Retarus Inc.,
RevSpring,
rf IDEAS,
Rhapsody,
rhöncloud GmbH,
"RingCentral, Inc.",
Roche,
"RPI Consultants, LLC",
RTI International,
S-Docs,
SailPoint,
Sakon,
Salesforce,
Salux Technology,
Samsung Electronics America,
SANS Institute,
SATO America,
Sayers,
Scalefocus,
SCC Soft Computer,
Science Applications International Corporation (SAIC),
ScImage,
ScriptSender,
Scrut Automation,
Seal Shield,
Seanergy Digital,
SecondLifeMac,
Sectra,
Secure Exchange Solutions,
Securitas Healthcare,
SecurityMetrics,
"SEDA G-Tech CO., LTD.",
Semedy,
SenSights.AI,
SentinelOne,
Seraphic Security,
Service Express,
ServiceNow,
SGS,
"Shine Technology Co., Ltd",
SHOKZ (SINGAPORE) PTE. LTD.,
Siemens Healthineers,
SIGMA HEALTH PRO,
SignAgent,
"silex technology america, Inc.",
Simply NUC,
Sinch,
"Singular Wings Medical Co., Ltd.",
Sisoft Healthcare Information Systems,
SISQUAL®WFM,
Sky Labs,
Slack Technologies,
slybroadcast,
Smart Meter,
SmartSound Corporation,
Smarty,
SMILE DIGITAL HEALTH,
SNOMED International,
Snowflake Inc,
SOAP Health,
Soaring Eagle Data Solutions,
"Softek Solutions, Inc.",
softgate gmbh,
Softlink International Inc.,
Softneta,
Solarity,
SolarWinds,
SOLiD,
SONIFI Health,
Sonitor,
SOPHiA GENETICS,
Soti Inc.,
Spacelabs Healthcare,
Sparq,
Specialist TeleMed,
Spectrio,
Spectrum Enterprise,
Spindustry,
Splunk,
"Spok, Inc.",
"STChealth, LLC",
STEP CG,
Sterling Computers,
Sternum Ltd,
"Stoltenberg Consulting, Inc.",
Strata Decision Technology,
Strategic AI Labs,
Strategic Communications,
StrideMD,
Strongarm Healthcare,
Stryker,
Suki AI,
Sunny Castors Co LTD,
Sunoh.ai,
Surescripts,
SVA System Vertrieb Alexander GmbH,
Symantec by Broadcom,
symplr,
SyncTimes,
"Syniverse Technologies, LLC",
T-Mobile for Business,
T-Systems North America,
Taiwan Pavilion,
Tali AI,
Talkdesk,
Taylor Healthcare,
TD SYNNEX,
TEAC GmbH,
TeamViewer,
Tech Stack Advising,
TECHGUARD,
Techmate,
Tegria,
Teguar Corporation,
TekSynap Corporation,
Teladoc Health,
Teleinfo,
Telemedicine & Advanced Technology Research Center (TATRC),
TeleTracking Technologies,
TeleVox,
Tenovi,
"Texas State University, College of Health Professions",
TextUs,
THE CHAMBER OF COMMERCE FOR GREATER PHILADELPHIA,
The College of St. Scholastica,
The Israel Export Institute,
The Ksquare Group,
"The SSI Group, LLC",
Thera-Business Consulting Inc.,
ThetaRho.ai,
Thoropass,
ThreatLocker,
TierPoint,
TigerConnect,
Tista Science and Technology Corporation,
Topaz Systems Inc.,
Toptal,
TOTVS,
TouchPoint Medical,
Transcend Information Inc.,
Transtek Medical,
Tredent Data Systems,
"Trek Health, Inc.",
Trisotech,
Triyam,
TruBridge,
TrustCommerce,
Turboard,
Twilio,
"Two Point Conversions, Inc.",
TytoCare,
U.S. Commercial Service,
U.S. Department of Health & Human Services,
"U.S. Department of Health and Human Services, Assistant Secretary for Administration (HHS ASA)",
UCLA Health,
UKG,
Ultralife Corporation,
United States Pharmacopeial Convention Inc,
Unity Population Health,
University of Central Florida,
University of South Carolina,
University of South Florida,
"Upland Software, Inc.",
URAC,
Urban Armor Gear,
US Government/VA/FSC/Data Analytics Service,
UVA Health,
Valenta,
VAULT,
VBA,
Veradigm,
Verato,
Veritas Technologies LLC,
Verizon Business,
Verkada,
VeroSource Solutions Inc.,
"VIAVI Solutions, Inc.",
Vibe Health by eVideon,
Vidal MMI Germany GmbH,
VioletX,
Visage Imaging,
Visual Medica International LLC,
Vita Data Technologies,
Vital,
VivaLNK,
VivaWell SAPI de CV,
"Viz.ai, Inc.",
Vizient,
VM Electronics,
Voyager Imaging,
Voyce,
VUNO Inc.,
Vynyl,
Washington State Department of Health,
Waterlabs AI,
Waystar,
Webex By Cisco,
WebMD Ignite,
Weill Cornell Medicine-Popluation Health Sciences Department,
Wellsheet,
Wellvii,
West-Com Nurse Call Systems Inc,
Western Governors University,
William Blair & Company,
WilsonPro,
Windstream,
WizeCare Company,
Wolters Kluwer,
"Workday, Inc.",
World Wide Technology Inc.,
WPS Health Solutions,
Wyebot,
XenTegra,
"XiFin, Inc.",
XOLTAR,
Xyicon,
"YourBio Health, Inc.",
"ZAGG, Inc.",
Zebra Technologies Corporation,
Zivver,
"ZOLL Data Systems, Inc.",
"Zones, LLC",
"Zoom Video Communications, Inc.",
zPaper,
"Zscaler, Inc.","1637
                  
                   ,
                  




                  MP311"
Zus Health,3760-97
Apacer Memory America Inc.,2292
Apollo Enterprise Imaging Corp,2705
apoQlar,340-39
Apps4Business,6148
Appscent,5446
Apricorn,
Arab Health,
Arcadia.io,
"Arctic Wolf Networks, Inc.",
Arista Networks,
Armis,
"Arpio, Inc.",
Artera,
"Artificial Medical Intelligence, Inc.",
Ascom (US) Inc.,
Asimily,
AskIris,
Association of Public Health Laboratories / Datapult,
Astound Business Solutions,
ASUSTek Computer Inc.,
AT&T Business,
Atera,
"athenahealth, Inc.",
Attic Security,
Augmedix,
AuthX,
Availity,
Avalue Technology Inc.,
"Avanade, Inc",
Avery Partners,
Axis Communications,
Aya Healthcare,
Azuba Corporation,
B-online,
B. Braun Medical Inc.,
B. Braun Melsungen AG,
Baker Tilly,
Bamboo Health,
Bank of America,
"Barco, Inc.",
BARR Advisory,
Baxter Healthcare,
Bayern Innovativ Gmbh,
Bayern International – Bavarian Participation,
BD,
Beam Mobile,
Beckman Coulter,
Belkin International,
BellSant,
Bentley University,
Best Buy Health,
BeyondID,
BeyondTrust,
BGASoft,
Biamp Systems,
Biobeat Technologies Ltd.,
Bionexo,
Biopark Regensburg Gmbh,
Birlasoft Inc.,
Blackboard Inc.,
Blood Drive,
Bluespine,
BluIP,
BMJ Clinical Intelligence,
"Boingo Wireless, Inc.",
Bookstore | Taylor and Francis,
Borda Technology,
Bottomline Technologies,
Brazilian Pavilion,
"Bridgehead Software, Inc.",
Broadcom Inc.,
BSI Group,
BUDS Technology,
Butterfly Network,
Bzbgear,
C&S Computer and Software Gmbh,
Cabells,
Cabot Technology Solutions,
CallMiner,
"CallTek, Inc",
Canon Medical Informatics,
Capgemini,
Capreolos GmbH,
Capsa Healthcare,
Carahsoft Technology Corp.,
CarbonHelix,
care.ai,
CareCloud,
Caregility,
Carequality,
CareQuest Institute for Oral Health,
Careteam Technologies Inc.,
Caretronic,
Carrot Fertility,
CData,
CDW Healthcare,
Celo,
Celonis Inc.,
Censinet,
Centers for Disease Control and Prevention,
"CenTrak, Inc.",
CereCore,
CERTIFY Health,
Certilytics,
CGI,
chargeFUZE,
Charter Oak State College,
Chartis,
Cherry Americas,
"Chetu, Inc.",
CHG Healthcare,
China Medical University Hospital,
Chipsoft BV,
CI&T,
CIM med GmbH,
"Cimcor, Inc.",
"Cisco Systems, Inc.",
CitiusTech,
Citizen Systems America Corporation,
Citrix,
Clarify Health Solutions,
Clear Choice Headsets & Technology,
ClearBridge Technology Group,
Clearsense,
Clearwater Security & Compliance LLC,
CLINARIS GmbH,
Clinia Health Inc.,
"Clinical Architecture, LLC",
CliniComp,
"Clinicspectrum, Inc",
Clint,
Closedloop,
CloudAstra.AI,
CloudDX,
CloudScale365,
Cloudticity,
CloudWave,
Codal,
CodaMetrix,
"Code, by Brady",
Codingscape LLC,
Cofense,
Cognizant,
Cognosante,
Cognosos,
"Collibra, Inc.",
CommonWell Health Alliance,
Commure,
Companion Data Services,
CompliancePoint,
Compliancy Group,
"Compucom Systems, Inc",
Concord Technologies,
Confidencial.io,
Confluent,
Connected Technology Solutions,
Connection,
Connexall,
Consensus Cloud Solutions,
CONSULATE GENERAL OF CANADA,
Cordtec Power Corp.,
Coreline North America,
Corti,
CoverMyMeds,
Cox Business,
"Credenti, LLC",
Crosstree Capital Partners,
CrowdStrike,
Crowe LLP,
CTAC,
Cubro Acronet GesmbH,
Culinda,
"Curbell, Inc",
CureMD,
Curvo,
Custom Medical,
Cyber Salus,
"CyberMaxx, LLC",
Cybernet,
Cybersecurity and Infrastructure Security Agency (CISA),
Cylera,
Cynerio,
Dasera,
Data Dimensions,
Databricks,
Datadog,
Dataminr,
"Datamotion, Inc.",
Dedalus S P A,
deepc GmbH,
DeepHealth,
DeepScribe,
DeepTek,
Defense Health Agency,
Definitive Healthcare,
DeliverHealth Solutions,
Dell Technologies,
Deloitte,
Delorean Artificial Intelligence,
Denso Corporation,
"DigiCert, Inc.",
Digital Brew,
"Dimensional Insight, Inc.",
Distributive Corp.,
Diwei Industrial Co. Ltd.,
DLA Piper,
Doceree,
DoctorHelper®,
Doinglab Inc.,
DOMA Technologies,
DomainTools,
DoseSpot,
Doximity,
"Draeger, Inc.",
Drexel University,
DrFirst,
Droxi,
"DSS, Inc.",
DT Research,
DTI Philippines,
Duke University Fuqua School of Business,
Duke University School of Medicine,
Dynamic Lifecycle Innovations,
Dynamic Technology Solutions,
Dynatrace,
EasyTeleMed Inc.,
EBSCO Clinical Decisions,
EclecticIQ,
eClinicalWorks,
Edgility,
Edifecs,
"Egress Software Technologies, Inc.",
eHealth Exchange,
EIZO Inc.,
"Ekahau, Inc.",
"Elekta, Inc.",
EliseAI,
"ELLKAY, LLC",
Elora Power,
Elsevier,
eMedEvents,
eMedical Practice,
Emergent Connect,
emtelligent,
Encipher Health Inc.,
Endava INC,
enGen,
Enghouse Video,
Enlitic,
Epic,
"Ergotron, Inc.",
ESET,
"Etherfax, LLC",
Ever Fortune AI,
EverHealth,
EveryDose,
"EVRY USA Corporation, A Tietoevry Company",
evTerra Recycling,
Experian Health,
Exponential AI,
Extract Systems,
"Extreme Networks, Inc.",
Eyelock,
Fabric,
FaceHeart Corporation,
Far East Medical Electronics Technology Limited,
"Federal Compass, Inc.",
Federal Electronic Health Record Modernization Office,
Feroot Security Inc.,
FFW,
FHIR Business Alliance,
Fifth Eye,
filerskeepers,
Finite State,
FinThrive,
Firely,
First Databank (FDB),
"First Line Software, Inc.",
First Products,
Flash Networks Group,
Florida Atlantic University,PD15
Flywheel,MP7080
FOLKS,6148
Forescout Technologies,1601-19
Formstack,2029
Fortified Data,2993
Fortified Health Security,1638
"Fortinet, Inc.",
Forward Advantage,
Foxit,
"Fresenius Kabi, LLC.",
Freshpaint,
FUJIFILM Healthcare Americas Corporation,
Future-Shape GmbH,
GCX Corporation,
GE HealthCare,
General Dynamics Information Technology,
"Genesys Cloud Services, Inc.",
Genetec Inc.,
GenHealth AI,
"GenieMD, Inc.",
George Mason University,
GETT North America LLC,
"GetWellNetwork, Inc.",
GIGA-TMS Inc,
Global Net Solutions,
GlobalMed,
Glory Star Group Limited,
Glytec,
GOLDEN SMART HOME TECHNOLOGY CORP,
Google LLC,
Greenway Health,
GS Lab | GAVS,
"GuardRFID Solutions, part of HID",
Guerbet LLC,
Guidehouse,
Guider Technology,
Guru Technologies,
GYANT,
HadenGrey,
Haemonetics,
Happiest Minds Technologies Limited,
Harmony Healthcare IT,
Harris Healthcare,
Harrisburg University of Science and Technology,
Hart,
HCI TV,
Health & Technology Innovation Center at ChristianaCare,
Health Catalyst,
Health Gorilla,
Health Level Seven (HL7) International,
Health Software,
Health2Sync,
HealthAsyst,
Healthcare IT Leaders,
Healthcare IT Today,
HealthCareTalentLink,
HealthFocus,
Healthjump,
HealthLeaders Media,
HealthLX,
Healthwise,
Healthy Mind,
Hello Heart,
hellocare,
"Henry Elliott & Company, Inc.",
Hessen Pavilion,
Hewlett Packard Enterprise,
HID Global,
"Highgrade Tech. Co., Ltd.",
HIMSS Booth Selection,
HIMSS Certification,
HIMSS Connect,
HIMSS Cybersecurity Command Center,
HIMSS Digital Health Technology Park,
HIMSS Government Connections Plaza,
HIMSS Interoperability Showcase,
HIMSS Jobmine,
HIMSS Main Stage,
HIMSS Patient Engagement 365,
HIMSS Podcast Row,
HIMSS Puppy Park,
HIMSS Startup Park,
HIMSS TV,
HIPER Global US,
HirebizMed,
Hit That Noggin,
HITRUST,
Hiver,1068
HL7 Da Vinci Project,3760-73
HolaDoctor,5472
Honeywell,2921
Hornetsecurity,1220
Hospital Israelita Albert Einstein,6148
Hosted Buyer Connection Zone,"4885
                  
                   ,
                  




                  VHQ4600"
Howard Medical,
HP Inc.,
HRTC Technology,
Huntress,
"Huron Consulting Group, Inc.",
Hyland Software Inc.,
Hypori,
Hyro,
Hytera US Inc,
iAmbition Technology Pte. Ltd.,
"iatricSystems, Inc.",
IBM,
iboss,
ICU Medical,
ID.me,
Identos Inc.,
iDox.ai,
IEI Technology USA,
iFive Global,
IGEL,
"iHealth Labs, Inc.",
Illumio,
ImageTrend,
"imedtac Co., Ltd.",
"iMEDWAY Technology Co., Ltd.",
iMethods,
IMO-Intelligent Medical Objects Inc.,
"Impelsys, Inc.",
Imprivata,
"InBody BWA, Inc.",
Indra Soluciones Tecnologías de la Informacion S.L.U.,
Industrial Technology Research Institute,
Industrial Technology Research Institute / Janus,
INFINITT North America,
Infinx Healthcare,
Infor,
Informa,
Informatica,
"Infoverity, Inc.",
Ingram Micro,
Innova Solutions,
Innovaccer Inc.,
InnoVision Medical Technologies,
Inova Health System,
Inovalon,
INRY,
Insight,
Intel Corporation,
Intelaboard,
Intelerad Medical Systems,
InteliChart,
Intellify Talent Solutions,
Intelligent Security Systems Corporation (ISS),
IntelliGuard,
"iNTERFACEWARE, Inc.",
"Interlace Health, LLC",
Interlinx Systems Inc,
Intermedia,
InteropX,
InterSystems,
INTRAPOSITION TECHNOLOGIES,
"Intuitive Data Analytics, LLC",
IPeople,
Iron Mountain,
"iStorage, Ltd.",
J2 Interactive,
JACS Solutions,
Jade Global,
Jamf,
Japan External Trade Organization,
"Jeron Electronic Systems, Inc.",
"Jiangsu Konsung Bio-Medical Science and Technology Co., Ltd.",
Johnson & Johnson MedTech,
Jorie AI,
JSCM Group,
Juniper Networks,
Juno Health,
Kajeet,
Kaleyra Inc,
Kelly International Corp.,
Kemtai,
Key Source International,
"KeyCare, Inc.",
Keyence Corporation of America,
Keysight Technologies,
Kiosk Association,
KIOSK Information Systems,
KLAS,
Kno2,
Kode Health,
Kompleye Attestation LLC,
Kontakt.Io,
Korchek Technologies,
Kore.ai,
"Kyndryl, Inc.",
Kyruus Health,
LAKE B2B,
"Language Services Associates, Inc",
LanguageLine Solutions,
Lantana Consulting Group,
LastPass US LP,
Lateetud,
Leap of Faith Technologies,
Legacy Data Access,
Leidos,
Lenovo,
LexisNexis Risk Solutions,
LexisNexis Risk Solutions Government,
Lexmark Healthcare,
LG Electronics,
"Liberty Solutions, Inc.",
Life Systems International,
"Lifescale Analytics, Inc.",
LifeSpeak Inc.,
Light-it,
Lightbeam Health Solutions,
Lightyear,
LinkLive,
Linova Software GmbH,
Linus Health,
Lithova Energy Technology LLC,
Litum,
"LogicMonitor, Inc.",
"Loricca, Inc.",
Loyal,
Lucid Software,
Luma Health,
Lumen,
Luminai,
"Lund Industries, Inc.",
Man & Machine Inc,
Mashgin Inc.,
Masimo,
Massage/Relax Area,
MATTER,
Mayo Clinic Platform,
MCG Health,
McWilliams School of Biomedical Informatics at UTHealth Houston,
MDClone,
MDI Solutions,
Med Claims Compliance Corporation,
Med Tech Solutions,
Med2Lab Inc.,
"MedAllies, Inc.",
Medallion,
MedApp,
"MedeAnalytics, Inc,",
Medfiller,
Medical Valley EMN e.V.,
MediCapture,
MedicaSoft,
"Medicomp Systems, Inc.",
Medigate by Claroty,
"MediQuant, LLC",
Medirex Systems,911
"Medisolv, Inc.",1741
MEDITECH,"2580
                  
                   ,
                  




                  3760-71
                  
                   ,
                  




                  3760-92"
Meditology Services,1601-03
MedPearl by Providence,3193
Melillo Consulting,5566
Merge by Merative,4112
MetaOptima Technology Inc.,
"Mettle Solutions, LLC",
Microsoft Corporation,
Midmark RTLS,
MILL5,
Milliman,
Milliman MedInsight,
Mindray,
Ministry of Health and Welfare of Taiwan,
"Mirketa, Inc.",
Mitel Networks,
MITRE,
Mobile Heartbeat,
ModelOp,
"Modernsolid Industrial Co., Ltd",
MongoDB,
MorganFranklin Consulting,
Motorola Solutions,
Motus,
MRC Direct,
MRO,
Multiview ERP,
Nabla,
National Committee for Quality Assurance,
"National Government Services, Inc.",
National Taiwan University Hospital,
Navsoft,
"NCS Technologies, Inc.",
Nemours KidsHealth,
NEOM,
NetApp,
NetBrain Technologies,
Netherlands Cybersecurity Hotspot,
"NETSCOUT Systems, Inc.",
"Netsmart Technologies, Inc.",
Newline Interactive Inc,
Nexio,
NextGen Healthcare,
NICE,
Nightingale Solutions,
NIH - Office of Data and Science Strategy,
NIH-NITAAC,
Nihon Kohden America,
Nilo Saúde,
NinjaOne LLC,
NIST,
Nividous Software Solutions Inc.,
Norav Medical,
Nordic,
Northeastern University,PD20
Notable,1211
Nova Southeastern University,PD02
Novarad Corporation,
Novari Health,4473
NovelVox,5873
NTT DATA Services,"MP105
                  
                   ,
                  




                  MP106"
"Nuance, a Microsoft Company","2741
                  
                   ,
                  




                  3760-51
                  
                   ,
                  




                  VHQ4500
                  



                 + 1 more"
NuboMed,940
NursIT Institute GmbH,340-28
Nutanix,"2888
                  
                   ,
                  




                  MP120"
Nym Health,6263
Oceus,1631
OCHIN,801
Odin Health,2789
Office of the National Coordinator for Heath Information Tec,9239-08
"Olah Healthcare Technology, LLC",
On2It,
"Onbe, Inc",
"ONES Global, Inc.",
OnPage Corporation,
Ontario Government,
Ontotext,
"ONYX Healthcare USA, Inc.",
OnyxHealth.io,
Ooma,
OpenBots,
OpenText,
Ophardt Hygiene Technologies,
Optiv Security Inc.,
Optum,
Oracle Health,
Orbit Healthcare Inc,
Ordr Inc.,
Orion Health,
OxiWear,
"P-DUKE Technology, Inc.",
P3 Healthcare Solutions,
Pace University,
PacificEast,
Palo Alto Networks,
Pantheon Systems Inc.,
PaperCut Software,
Parallels,
Parlance Corporation,
PathAI,
Patientpoint Health Technologies™,
Patriot Services,
"Paubox, Inc.",
PayGround,
pCare,
"Pegasystems, Inc.",
PEO DHMS,
"PEPID, LLC",
Peraton,
PharmCorps,
PhenoTips,
Philips,
Phosphorus,
"Phreesia, Inc.",
"PilotFish, Inc.",
Pinpoint Inc,
Pioneer Solution Inc.,
Pixel Health,
Placer.ai,
"Plustek Technology, Inc.",
PMsquare,
Podium,
Point-of-Care Partners,
PointClickCare,
Power Technologies,
Prima Systems,
PrinterLogic by Vasion,
Pro Logic Systems,5349
Process Fusion,911
Professional Development Campus,Lobby B
Profit Advisory Group,2386
"Proofpoint, Inc",2681
PROXIMITY,4551
Pure Storage,3141
Purplelab,MP6084
pVerify Inc.,3427
"Pycube, Inc.",901
QGenda,3535
Qlik,
"QliqSOFT, Inc.",5695
QT Medical Inc.,4649
Quanta Computer Inc.,4570
Quest Diagnostics,MP302
Qvera,
RAM Mounts,1486
"RamSoft, Inc.",3209
Rauland,3760-77
RCG Global Services,5845
"Recovery Force Health, LLC",
Red Hat,9128
Rees Scientific,
RELI Group Inc.,3089
Rescue 42,6552
Retarus Inc.,5282
RevSpring,"3827
                  
                   ,
                  




                  MP6081"
rf IDEAS,3313
Rhapsody,
rhöncloud GmbH,
"RingCentral, Inc.",
Roche,
"RPI Consultants, LLC",
RTI International,
S-Docs,
SailPoint,
Sakon,
Salesforce,
Salux Technology,
Samsung Electronics America,
SANS Institute,
SATO America,
Sayers,
Scalefocus,
SCC Soft Computer,
Science Applications International Corporation (SAIC),
ScImage,
ScriptSender,
Scrut Automation,
Seal Shield,
Seanergy Digital,
SecondLifeMac,
Sectra,
Secure Exchange Solutions,
Securitas Healthcare,
SecurityMetrics,
"SEDA G-Tech CO., LTD.",
Semedy,
SenSights.AI,
SentinelOne,
Seraphic Security,
Service Express,
ServiceNow,
SGS,
"Shine Technology Co., Ltd",
SHOKZ (SINGAPORE) PTE. LTD.,
Siemens Healthineers,
SIGMA HEALTH PRO,
SignAgent,
"silex technology america, Inc.",
Simply NUC,
Sinch,
"Singular Wings Medical Co., Ltd.",
Sisoft Healthcare Information Systems,
SISQUAL®WFM,
Sky Labs,
Slack Technologies,
slybroadcast,
Smart Meter,
SmartSound Corporation,
Smarty,
SMILE DIGITAL HEALTH,
SNOMED International,
Snowflake Inc,
SOAP Health,
Soaring Eagle Data Solutions,
"Softek Solutions, Inc.",
softgate gmbh,
Softlink International Inc.,
Softneta,
Solarity,
SolarWinds,
SOLiD,
SONIFI Health,
Sonitor,
SOPHiA GENETICS,
Soti Inc.,
Spacelabs Healthcare,
Sparq,
Specialist TeleMed,
Spectrio,
Spectrum Enterprise,
Spindustry,
Splunk,
"Spok, Inc.",
"STChealth, LLC",
STEP CG,
Sterling Computers,
Sternum Ltd,
"Stoltenberg Consulting, Inc.",
Strata Decision Technology,
Strategic AI Labs,
Strategic Communications,
StrideMD,
Strongarm Healthcare,
Stryker,
Suki AI,
Sunny Castors Co LTD,
Sunoh.ai,
Surescripts,
SVA System Vertrieb Alexander GmbH,
Symantec by Broadcom,
symplr,
SyncTimes,
"Syniverse Technologies, LLC",
T-Mobile for Business,
T-Systems North America,
Taiwan Pavilion,
Tali AI,
Talkdesk,
Taylor Healthcare,
TD SYNNEX,
TEAC GmbH,
TeamViewer,
Tech Stack Advising,
TECHGUARD,
Techmate,
Tegria,
Teguar Corporation,
TekSynap Corporation,
Teladoc Health,
Teleinfo,
Telemedicine & Advanced Technology Research Center (TATRC),
TeleTracking Technologies,
TeleVox,
Tenovi,
"Texas State University, College of Health Professions",
TextUs,
THE CHAMBER OF COMMERCE FOR GREATER PHILADELPHIA,
The College of St. Scholastica,
The Israel Export Institute,
The Ksquare Group,
"The SSI Group, LLC",
Thera-Business Consulting Inc.,
ThetaRho.ai,
Thoropass,
ThreatLocker,
TierPoint,
TigerConnect,
Tista Science and Technology Corporation,
Topaz Systems Inc.,
Toptal,
TOTVS,
TouchPoint Medical,
Transcend Information Inc.,
Transtek Medical,
Tredent Data Systems,
"Trek Health, Inc.",
Trisotech,
Triyam,
TruBridge,
TrustCommerce,
Turboard,
Twilio,
"Two Point Conversions, Inc.",
TytoCare,
U.S. Commercial Service,
U.S. Department of Health & Human Services,
"U.S. Department of Health and Human Services, Assistant Secretary for Administration (HHS ASA)",
UCLA Health,
UKG,
Ultralife Corporation,
United States Pharmacopeial Convention Inc,
Unity Population Health,
University of Central Florida,
University of South Carolina,
University of South Florida,
"Upland Software, Inc.",
URAC,
Urban Armor Gear,3630
US Government/VA/FSC/Data Analytics Service,9239-05
UVA Health,5442
Valenta,4845
VAULT,3800
VBA,4481
Veradigm,"5761
                  
                   ,
                  




                  3760-44
                  
                   ,
                  




                  MP6086
                  



                 + 1 more"
Verato,
Veritas Technologies LLC,
Verizon Business,
Verkada,
VeroSource Solutions Inc.,
"VIAVI Solutions, Inc.",
Vibe Health by eVideon,
Vidal MMI Germany GmbH,
VioletX,
Visage Imaging,
Visual Medica International LLC,
Vita Data Technologies,
Vital,
VivaLNK,
VivaWell SAPI de CV,
"Viz.ai, Inc.",
Vizient,
VM Electronics,
Voyager Imaging,
Voyce,
VUNO Inc.,
Vynyl,
Washington State Department of Health,
Waterlabs AI,
Waystar,
Webex By Cisco,
WebMD Ignite,
Weill Cornell Medicine-Popluation Health Sciences Department,PD12
Wellsheet,3292
Wellvii,2088
West-Com Nurse Call Systems Inc,4456
Western Governors University,PD13
William Blair & Company,4273
WilsonPro,1109
Windstream,
WizeCare Company,5446
Wolters Kluwer,"2927
                  
                   ,
                  




                  MP130"
"Workday, Inc.",5561
World Wide Technology Inc.,
WPS Health Solutions,9037
Wyebot,6661-13
XenTegra,4381
"XiFin, Inc.",3301
XOLTAR,5446
Xyicon,4982
"YourBio Health, Inc.",5461
"ZAGG, Inc.",2091
Zebra Technologies Corporation,"1571
                  
                   ,
                  




                  MP174
                  
                   ,
                  




                  MP175
                  



                 + 1 more"
Zivver,1646
"ZOLL Data Systems, Inc.",4243
"Zones, LLC",1992
"Zoom Video Communications, Inc.","976
                  
                   ,
                  




                  MP178"
zPaper,3175
"Zscaler, Inc.","1637
                  
                   ,
                  




                  MP311"
Zus Health,3760-97
